"GS","converged","loss","gene.tested","coef","std.err","t.value","p.value","adj.p.val"
"KEGG_GLYCOLYSIS_GLUCONEOGENESIS","Y",0.0212055281992866,39,0.150747084271883,0.0618663554603737,2.43665693817117,0.0148378978623055,0.0684018974152002
"KEGG_CITRATE_CYCLE_TCA_CYCLE","Y",0.0125217284963667,21,0.126333410869236,0.0801767105827379,1.57568712848187,0.115123784039504,0.2688490419379
"KEGG_PENTOSE_PHOSPHATE_PATHWAY","Y",0.00885360939699692,14,0.0827171853358111,0.0890115059536048,0.929286438305241,0.352758997877515,0.556043844112015
"KEGG_PENTOSE_AND_GLUCURONATE_INTERCONVERSIONS","Y",0.0110468891190092,18,0.0458408359730124,0.0718978373213093,0.637582960502012,0.523757123483972,0.695024956007969
"KEGG_FRUCTOSE_AND_MANNOSE_METABOLISM","Y",0.012087305991474,20,0.0621118557775854,0.0709918087197497,0.874915809270064,0.381636893365721,0.572941247902212
"KEGG_GALACTOSE_METABOLISM","Y",0.00998531197920055,16,0.022515341263315,0.0720717228005638,0.312401873972393,0.754740451192792,0.871936173427697
"KEGG_ASCORBATE_AND_ALDARATE_METABOLISM","Y",0.00940953834231707,15,0.0733177932061107,0.083856872105203,0.874320629490324,0.381960831934808,0.572941247902212
"KEGG_FATTY_ACID_METABOLISM","Y",0.0156963836962975,27,-0.0179680568149932,0.0498854605667043,-0.360186246871816,0.718714077208131,0.856928322825079
"KEGG_STEROID_BIOSYNTHESIS","Y",0.00662758197449793,10,0.00569995387623796,0.0872521988598088,0.0653273378863068,0.94791444382528,0.974099925698907
"KEGG_PRIMARY_BILE_ACID_BIOSYNTHESIS","Y",0.00719223639717883,11,0.0495058786908939,0.0930517491427197,0.532025234850378,0.594718179682523,0.752500553884009
"KEGG_STEROID_HORMONE_BIOSYNTHESIS","Y",0.0166551432749037,29,0.0548203582024761,0.0579431228612287,0.946106379764316,0.344113017232333,0.547051463292426
"KEGG_OXIDATIVE_PHOSPHORYLATION","Y",0.0355695768692065,71,0.0551679081189254,0.0372626868659384,1.48051342398913,0.138762034349461,0.310960703481925
"KEGG_PURINE_METABOLISM","Y",0.0442553803994119,92,0.0125490856066105,0.0293786566360686,0.427149742143207,0.669277782299194,0.808348490309416
"KEGG_PYRIMIDINE_METABOLISM","Y",0.0299889317951504,58,0.0654574596548434,0.0421058601156338,1.55459262618267,0.120068990055609,0.275713977164731
"KEGG_ALANINE_ASPARTATE_AND_GLUTAMATE_METABOLISM","Y",0.0125547426712683,21,0.104385005108437,0.076656779229663,1.36171916114164,0.17331160853919,0.354241309761422
"KEGG_GLYCINE_SERINE_AND_THREONINE_METABOLISM","Y",0.0098468289712063,16,0.165484762984035,0.0998721072877383,1.65696676958325,0.0975518376952678,0.252779543973372
"KEGG_CYSTEINE_AND_METHIONINE_METABOLISM","Y",0.0141869728909485,24,-0.00941685470245717,0.0541295761573295,-0.173968750006221,0.861892900241194,0.926659418756428
"KEGG_VALINE_LEUCINE_AND_ISOLEUCINE_DEGRADATION","Y",0.0178052313265428,32,0.192996571062142,0.078677190940937,2.4530180698371,0.0141801787820363,0.0684018974152002
"KEGG_VALINE_LEUCINE_AND_ISOLEUCINE_BIOSYNTHESIS","Y",0.00536196958243323,8,0.187652609016326,0.143549301878034,1.30723456374427,0.191157630101822,0.374266517883567
"KEGG_LYSINE_DEGRADATION","Y",0.0171732177166162,30,0.0309734456559437,0.0539007145729403,0.574638868915724,0.565546125893726,0.725459168387814
"KEGG_ARGININE_AND_PROLINE_METABOLISM","Y",0.0197369125592954,36,0.175599048739,0.0690977929516029,2.54131197594101,0.0110559717558349,0.0604826690172146
"KEGG_HISTIDINE_METABOLISM","Y",0.0124828951973341,21,0.150227362882246,0.0852332549336312,1.76254400936845,0.0780023956479755,0.223206855238822
"KEGG_TYROSINE_METABOLISM","Y",0.013478716277073,23,0.161991168318892,0.0828602671221158,1.95499210834255,0.0506067420592148,0.162290586603689
"KEGG_PHENYLALANINE_METABOLISM","Y",0.0064707637465596,10,0.244170306425625,0.155178704608831,1.57347818465892,0.11563399653243,0.2688490419379
"KEGG_TRYPTOPHAN_METABOLISM","Y",0.0141153620449598,24,0.0856038839510331,0.0687926054638549,1.24437624325788,0.213384963073673,0.409171166306218
"KEGG_BETA_ALANINE_METABOLISM","Y",0.0076211256953253,12,0.210887792095383,0.127056952103479,1.65978947711282,0.0969824430518438,0.252779543973372
"KEGG_TAURINE_AND_HYPOTAURINE_METABOLISM","Y",0.00421720427087991,6,0.0610498880764857,0.129722900355659,0.470617662025025,0.637922183391678,0.781536744565426
"KEGG_SELENOAMINO_ACID_METABOLISM","Y",0.0131620673923471,22,-0.00551279114912104,0.0571239820592473,-0.096505722297219,0.923120510286751,0.959220195046568
"KEGG_GLUTATHIONE_METABOLISM","Y",0.0166155670733495,29,0.0807213742293083,0.0617165995170788,1.307936193195,0.190919529390842,0.374266517883567
"KEGG_STARCH_AND_SUCROSE_METABOLISM","Y",0.0190063784960502,34,0.0955553030001547,0.0588429467102308,1.62390410987934,0.104422039883612,0.262466208356105
"KEGG_N_GLYCAN_BIOSYNTHESIS","Y",0.0190778370495501,34,0.0587825016641371,0.0542425932868521,1.08369637405196,0.278520802167908,0.475274029387439
"KEGG_OTHER_GLYCAN_DEGRADATION","Y",0.00645154454765165,10,0.26582106330239,0.150475574151025,1.76653961815489,0.07733029521251,0.223206855238822
"KEGG_O_GLYCAN_BIOSYNTHESIS","Y",0.0126413527324641,21,-0.0148910294938411,0.0570200120925516,-0.261154442929104,0.79397780480706,0.904220101329785
"KEGG_AMINO_SUGAR_AND_NUCLEOTIDE_SUGAR_METABOLISM","Y",0.0161152528164927,28,0.0853326784495421,0.0637455192241967,1.33864590779192,0.180710850207126,0.365350197157884
"KEGG_GLYCOSAMINOGLYCAN_DEGRADATION","Y",0.00944289588971415,15,0.0132694513251051,0.0726883189697688,0.182552733550267,0.855151999197128,0.926659418756428
"KEGG_GLYCOSAMINOGLYCAN_BIOSYNTHESIS_CHONDROITIN_SULFATE","Y",0.0105075503024062,17,0.0529402396119554,0.0757401950535964,0.698971524624316,0.484583115081062,0.657901163540712
"KEGG_GLYCOSAMINOGLYCAN_BIOSYNTHESIS_KERATAN_SULFATE","Y",0.00773535902405776,12,-0.0677409459392127,0.0645523237169165,-1.04939593245751,0.294016660586729,0.492676566388574
"KEGG_GLYCOSAMINOGLYCAN_BIOSYNTHESIS_HEPARAN_SULFATE","Y",0.0121216542521339,20,-0.0035007151937009,0.060231067013011,-0.058121420843245,0.953652861181942,0.974612264724402
"KEGG_GLYCEROLIPID_METABOLISM","Y",0.0166902067245795,29,0.0178975909420504,0.0529357851018401,0.338100037764968,0.735293604003755,0.86559879964999
"KEGG_INOSITOL_PHOSPHATE_METABOLISM","Y",0.0219264092744116,40,-0.0432944169352099,0.0382132448387707,-1.13296887290984,0.257249529855691,0.451400118426024
"KEGG_GLYCOSYLPHOSPHATIDYLINOSITOL_GPI_ANCHOR_BIOSYNTHESIS","Y",0.00889278425287693,14,0.0108591761926286,0.0747782854283148,0.145218309438756,0.884540902803515,0.92951755887827
"KEGG_GLYCEROPHOSPHOLIPID_METABOLISM","Y",0.0251987533377387,47,-0.00622237983566109,0.0390528523835059,-0.15933227551617,0.87340972377074,0.928309763550615
"KEGG_ETHER_LIPID_METABOLISM","Y",0.0110601073040261,18,0.0224344224117957,0.0679210513532065,0.330301459780577,0.741177846335026,0.866472889400252
"KEGG_ARACHIDONIC_ACID_METABOLISM","Y",0.0150264697959548,26,0.137647884692006,0.074955945164011,1.83638381706506,0.0663251628157145,0.198290676550572
"KEGG_LINOLEIC_ACID_METABOLISM","Y",0.00763744987229055,12,0.19514822850862,0.119217619357264,1.63690761114607,0.101675497911453,0.259063597418224
"KEGG_ALPHA_LINOLENIC_ACID_METABOLISM","Y",0.00542971900067095,8,0.073104323059822,0.114901974267017,0.636232088492554,0.524637064560722,0.695024956007969
"KEGG_SPHINGOLIPID_METABOLISM","Y",0.014178948035959,24,0.0277032877678304,0.0597450773988114,0.463691553747681,0.642876999561882,0.781536744565426
"KEGG_GLYCOSPHINGOLIPID_BIOSYNTHESIS_LACTO_AND_NEOLACTO_SERIES","Y",0.0109151063284732,18,-0.10163966011915,0.0482238022737134,-2.10766582739066,0.0350801974892089,0.120807727906908
"KEGG_GLYCOSPHINGOLIPID_BIOSYNTHESIS_GLOBO_SERIES","Y",0.00661279597677989,10,-0.0476786292380304,0.0753450705871786,-0.632803564539282,0.526873756973783,0.695024956007969
"KEGG_GLYCOSPHINGOLIPID_BIOSYNTHESIS_GANGLIO_SERIES","Y",0.00720374374438407,11,0.0135408580760067,0.0849307886994176,0.159434031914265,0.873329560343345,0.928309763550615
"KEGG_PYRUVATE_METABOLISM","Y",0.0159182762834172,28,0.179202062982731,0.0774954022623305,2.31242186957249,0.0207709623642193,0.085469222376767
"KEGG_GLYOXYLATE_AND_DICARBOXYLATE_METABOLISM","Y",0.0060257953112043,9,0.0647293099872593,0.106188173654971,0.609571741930315,0.542156856709348,0.70518304439118
"KEGG_PROPANOATE_METABOLISM","Y",0.0122383834647038,21,0.284959035884251,0.109620294230785,2.59950986159846,0.00934691214935113,0.0526825957508882
"KEGG_BUTANOATE_METABOLISM","Y",0.0131108679387673,22,0.0738281229174572,0.0697727954229735,1.05812190080532,0.290020764344916,0.490398746983222
"KEGG_ONE_CARBON_POOL_BY_FOLATE","Y",0.00833502800083027,13,0.0178781892200951,0.0790047036981149,0.226292719081759,0.820977541648802,0.919890498473959
"KEGG_RIBOFLAVIN_METABOLISM","Y",0.00660141422989326,10,0.0788778937730411,0.104483333883722,0.754932780579369,0.450303849247208,0.634519060302884
"KEGG_NICOTINATE_AND_NICOTINAMIDE_METABOLISM","Y",0.00832115132173312,13,-0.0436244334563496,0.0667572408160227,-0.653478677714899,0.513460013380937,0.692054800643871
"KEGG_PANTOTHENATE_AND_COA_BIOSYNTHESIS","Y",0.00824758592805517,13,0.140278509705427,0.107836503176667,1.30084438546391,0.193336228398384,0.374588942521868
"KEGG_FOLATE_BIOSYNTHESIS","Y",0.00480867051417515,7,-0.0816439923359671,0.0814494623738134,-1.00238835170281,0.316175892674676,0.517160992928367
"KEGG_RETINOL_METABOLISM","Y",0.0185824798881569,33,0.0677200155646649,0.0559737051249183,1.20985408083192,0.226358268553928,0.429618754602353
"KEGG_PORPHYRIN_AND_CHLOROPHYLL_METABOLISM","Y",0.0146945834141652,25,0.00981056261212582,0.0558119659931703,0.175778839493422,0.860470603895762,0.926659418756428
"KEGG_TERPENOID_BACKBONE_BIOSYNTHESIS","Y",0.00715647919700899,11,0.10639475746786,0.106235902283555,1.00149530602075,0.316607217644535,0.517160992928367
"KEGG_LIMONENE_AND_PINENE_DEGRADATION","Y",0.00359718636219721,5,-0.00379120136452491,0.120301671707915,-0.0315141203833785,0.97486004541952,0.982306122740712
"KEGG_NITROGEN_METABOLISM","Y",0.0105146002930133,17,0.0428910482984623,0.0736504719404651,0.582359449551567,0.560335322201977,0.72376645784422
"KEGG_SULFUR_METABOLISM","Y",0.00412382747997573,6,0.261461831517593,0.197616953577746,1.32307389008873,0.185835536191757,0.371671072383515
"KEGG_AMINOACYL_TRNA_BIOSYNTHESIS","Y",0.0114977636330025,19,0.116988933715361,0.0838896553207086,1.39455732972217,0.163174693567009,0.344891965948451
"KEGG_METABOLISM_OF_XENOBIOTICS_BY_CYTOCHROME_P450","Y",0.0195790595884609,35,0.0434929049369673,0.0513441037277022,0.84708665220114,0.396963395961956,0.58137946180255
"KEGG_DRUG_METABOLISM_CYTOCHROME_P450","Y",0.0210192946254949,38,0.0293572812835243,0.0475929007292672,0.616841605232755,0.537350686111276,0.703853715610545
"KEGG_DRUG_METABOLISM_OTHER_ENZYMES","Y",0.0161006491653694,28,0.093639333355541,0.0644181459172755,1.45361733129964,0.146078082032407,0.320830738772839
"KEGG_BIOSYNTHESIS_OF_UNSATURATED_FATTY_ACIDS","Y",0.00884666019622628,14,-0.0686931669816901,0.060300852715772,-1.13917405621899,0.254652870535798,0.451099370663413
"KEGG_ABC_TRANSPORTERS","Y",0.0171789711383462,30,-0.021804063974556,0.0468545742821218,-0.465356143100754,0.641684719481766,0.781536744565426
"KEGG_RIBOSOME","Y",0.0217630081988674,40,0.119192090771507,0.0571458471912711,2.08575244973731,0.0370217230682459,0.120807727906908
"KEGG_RNA_DEGRADATION","Y",0.0198799955846398,36,-0.0871720227539633,0.0359381294009662,-2.42561380369507,0.01529689313462,0.0684018974152002
"KEGG_RNA_POLYMERASE","Y",0.00884669907725189,14,0.0907179570287978,0.0911727204407324,0.995012067099278,0.319750076272915,0.517160992928367
"KEGG_BASAL_TRANSCRIPTION_FACTORS","Y",0.0141790406589442,24,-0.0251037981267249,0.051827954366416,-0.484367913679263,0.628133457371118,0.781536744565426
"KEGG_DNA_REPLICATION","Y",0.0110033319814832,18,0.0916239438310215,0.0802430251599474,1.14183062824948,0.253546778077481,0.451099370663413
"KEGG_SPLICEOSOME","Y",0.0369010637619386,74,0.0248626644567026,0.0337855508781495,0.735896376127533,0.461807872528043,0.641016897688179
"KEGG_PROTEASOME","Y",0.0125432281115315,21,0.11226835825324,0.0773368404140279,1.45168017793594,0.146616197826297,0.320830738772839
"KEGG_PROTEIN_EXPORT","Y",0.00884796042499558,14,0.0892888037709878,0.0896442735430047,0.99603466280703,0.319253004774233,0.517160992928367
"KEGG_PPAR_SIGNALING_PATHWAY","Y",0.0251988338091369,47,-0.0059760731656471,0.0390787696588306,-0.152923779786826,0.8784609051091,0.928373456535753
"KEGG_BASE_EXCISION_REPAIR","Y",0.0114707510380706,19,0.13602772325454,0.0858257182229462,1.58492962332324,0.113008173397899,0.2688490419379
"KEGG_NUCLEOTIDE_EXCISION_REPAIR","Y",0.014186818821349,24,0.0103519659770028,0.0570692110719048,0.181393185266916,0.856061972756972,0.926659418756428
"KEGG_MISMATCH_REPAIR","Y",0.00870319512801635,14,0.220418183666265,0.117578631428231,1.87464491624744,0.0608653987479811,0.19188074859533
"KEGG_HOMOLOGOUS_RECOMBINATION","Y",0.00919027057710268,15,0.2581230542324,0.119426914504066,2.16134742578157,0.0306878499522006,0.107696982851119
"KEGG_NON_HOMOLOGOUS_END_JOINING","Y",0.005730537470655,9,0.462347087943214,0.192251050422959,2.40491319514788,0.0161910674978851,0.0684440580592414
"KEGG_MAPK_SIGNALING_PATHWAY","Y",0.0772429121783805,183,-0.060999590604398,0.0172424889011789,-3.53774857875811,0.000405049278416885,0.00376695828927703
"KEGG_ERBB_SIGNALING_PATHWAY","Y",0.0349375045067268,71,-0.111680098319826,0.0240107249356205,-4.65125891114372,3.3337131942657e-06,0.000103345109022237
"KEGG_CALCIUM_SIGNALING_PATHWAY","Y",0.0549237608193605,120,-0.0496271983690628,0.0218420975712773,-2.27208940016472,0.0230983922577662,0.089506269998844
"KEGG_CYTOKINE_CYTOKINE_RECEPTOR_INTERACTION","Y",0.0692697756798421,159,0.032547082661654,0.0235944828620567,1.37943615259288,0.167785534491163,0.350652914779285
"KEGG_CHEMOKINE_SIGNALING_PATHWAY","Y",0.0584605545729221,129,-0.0178111800102195,0.0229442256411501,-0.776281592100258,0.437597747796286,0.630954892171389
"KEGG_PHOSPHATIDYLINOSITOL_SIGNALING_SYSTEM","Y",0.0300038270661747,58,-0.0497684834022291,0.0312292814674372,-1.59364804643753,0.111040721869379,0.268228237242916
"KEGG_NEUROACTIVE_LIGAND_RECEPTOR_INTERACTION","Y",0.0674622174839807,154,0.0393101940759572,0.0243689904637435,1.61312361849554,0.106743447649212,0.26373354228658
"KEGG_CELL_CYCLE","Y",0.0420755423341104,87,-0.0556246005707181,0.0252031793304089,-2.20704696980846,0.0273292782781533,0.10166491519473
"KEGG_OOCYTE_MEIOSIS","Y",0.0416277849303344,86,-0.0616501868374229,0.0248946897743226,-2.47643924854253,0.0132834422427856,0.0684018974152002
"KEGG_P53_SIGNALING_PATHWAY","Y",0.0269268326779329,51,-0.0478315479763086,0.033502523242737,-1.42769986695489,0.153403791108819,0.331780292398143
"KEGG_UBIQUITIN_MEDIATED_PROTEOLYSIS","Y",0.0479263848670062,102,-0.0635694780864979,0.0228506924816503,-2.78194974342882,0.00541161574221477,0.0347089837259292
"KEGG_SNARE_INTERACTIONS_IN_VESICULAR_TRANSPORT","Y",0.0170942171254071,30,-0.0664588837798213,0.0413185449763771,-1.60845169687891,0.107762092547205,0.26373354228658
"KEGG_REGULATION_OF_AUTOPHAGY","Y",0.0141567300825717,24,-0.0448945425149135,0.0495267621530165,-0.906470372042667,0.364704794072201,0.559722770605288
"KEGG_LYSOSOME","Y",0.038107841378094,77,0.0411819568864962,0.0345077561581875,1.19341161151462,0.232731353439685,0.437252845856378
"KEGG_ENDOCYTOSIS","Y",0.0603903466270612,136,-0.0823769582919954,0.0189008255741936,-4.35837884269295,1.3209877015495e-05,0.000307129640610258
"KEGG_PEROXISOME","Y",0.0292006191814919,56,0.0273847776689995,0.039086718301506,0.700615934491085,0.483556056486998,0.657901163540712
"KEGG_MTOR_SIGNALING_PATHWAY","Y",0.0191537647515083,35,-0.122715800547883,0.0329286267834344,-3.72672086676928,0.000194860746353822,0.00278800760167776
"KEGG_APOPTOSIS","Y",0.0335194737199782,66,0.0312339002107489,0.0363524699645379,0.85919609427414,0.390249173648669,0.576082113481369
"KEGG_CARDIAC_MUSCLE_CONTRACTION","Y",0.0265235095631266,50,-0.0318710014022828,0.035337787431903,-0.901895781214351,0.367129989321748,0.559722770605288
"KEGG_VASCULAR_SMOOTH_MUSCLE_CONTRACTION","Y",0.0376443765475646,76,-0.0474361739412484,0.0275129750711029,-1.72413829542815,0.0847081438408787,0.235159921707514
"KEGG_WNT_SIGNALING_PATHWAY","Y",0.0508010903048513,111,-0.101067888787046,0.0197714802389097,-5.11180182595269,3.2391840545809e-07,1.50622058538012e-05
"KEGG_DORSO_VENTRAL_AXIS_FORMATION","Y",0.0125998470104671,21,-0.0557587931012229,0.050850578236725,-1.09652230190281,0.272871854112702,0.472926834308219
"KEGG_NOTCH_SIGNALING_PATHWAY","Y",0.0181359742534382,32,-0.0374274574388869,0.0434081853217557,-0.862221195414235,0.388582709861227,0.576082113481369
"KEGG_HEDGEHOG_SIGNALING_PATHWAY","Y",0.0215037034541648,39,-0.0106856756039951,0.0423465663833515,-0.252338654975251,0.8007835516884,0.904220101329785
"KEGG_TGF_BETA_SIGNALING_PATHWAY","Y",0.0333575628006435,66,-0.06492588966899,0.0281574443727868,-2.30581613904345,0.0211375496200607,0.085469222376767
"KEGG_AXON_GUIDANCE","Y",0.0459427340793769,97,-0.0670494131112967,0.0231767802789403,-2.89295632544014,0.0038230770359311,0.026336752914192
"KEGG_VEGF_SIGNALING_PATHWAY","Y",0.0249443031032627,47,-0.0850127951951612,0.0315329966516478,-2.69599480614915,0.00702747693954868,0.0435703570252018
"KEGG_FOCAL_ADHESION","Y",0.0604104987226693,135,-0.0566268643818295,0.0202247535551435,-2.79987908022881,0.00512018798960007,0.0340126773594862
"KEGG_ECM_RECEPTOR_INTERACTION","Y",0.0318072902988381,62,0.0303071825940546,0.0374550234937646,0.809162023329129,0.418437693329312,0.608042273119157
"KEGG_CELL_ADHESION_MOLECULES_CAMS","Y",0.045851633558737,96,0.00345183001389125,0.0280896323503189,0.122886265325294,0.902199180590908,0.942747458370274
"KEGG_ADHERENS_JUNCTION","Y",0.0305396609401255,60,-0.095821166198865,0.0269142040198642,-3.56024521951842,0.000371914302283129,0.00376695828927703
"KEGG_TIGHT_JUNCTION","Y",0.0397118010304712,81,-0.0447846034881089,0.0268858331143318,-1.66573240626998,0.0957923289699499,0.252779543973372
"KEGG_GAP_JUNCTION","Y",0.0320939405920348,63,-0.0629189052537127,0.028924214267689,-2.1753021420533,0.0296265663838,0.105971948988208
"KEGG_COMPLEMENT_AND_COAGULATION_CASCADES","Y",0.0193690886313268,35,0.140428773411272,0.0643026836543397,2.18387111440246,0.0289906476367864,0.105730597263574
"KEGG_ANTIGEN_PROCESSING_AND_PRESENTATION","Y",0.0296571683365572,57,0.0110098489170111,0.0371295266327095,0.296525431792388,0.766833882001974,0.880438901557822
"KEGG_RENIN_ANGIOTENSIN_SYSTEM","Y",0.00720028432072567,11,0.0286633311095975,0.0882545660072908,0.324780149133922,0.745353023140002,0.866472889400252
"KEGG_TOLL_LIKE_RECEPTOR_SIGNALING_PATHWAY","Y",0.0352057362321727,70,0.0348029099451764,0.0356518859593338,0.976187065808362,0.328991074944754,0.527520171894175
"KEGG_NOD_LIKE_RECEPTOR_SIGNALING_PATHWAY","Y",0.0218894138366289,40,0.070048706923389,0.0514183375613837,1.36232928261759,0.173119072025468,0.354241309761422
"KEGG_RIG_I_LIKE_RECEPTOR_SIGNALING_PATHWAY","Y",0.025653148350388,48,-0.00122564163034494,0.0391617377163473,-0.0312969163733846,0.975033260154142,0.982306122740712
"KEGG_CYTOSOLIC_DNA_SENSING_PATHWAY","Y",0.0172729324491355,31,0.214055869238889,0.0803413481095411,2.66433006509967,0.00772429934847678,0.0448974899630213
"KEGG_JAK_STAT_SIGNALING_PATHWAY","Y",0.0485993192411215,103,0.00503468092681901,0.0272394963565832,0.18483017677389,0.853365301969399,0.926659418756428
"KEGG_HEMATOPOIETIC_CELL_LINEAGE","Y",0.0290628114897701,56,0.0824135071401032,0.0448755616133744,1.83648971014863,0.0663095129438389,0.198290676550572
"KEGG_NATURAL_KILLER_CELL_MEDIATED_CYTOTOXICITY","Y",0.0442120694342615,92,-0.0300856984452033,0.0262587251617153,-1.14574101598305,0.251924739980292,0.451099370663413
"KEGG_T_CELL_RECEPTOR_SIGNALING_PATHWAY","Y",0.0391923699489352,80,-0.0623700240660732,0.0257867560379121,-2.41868438102008,0.0155912491762689,0.0684018974152002
"KEGG_B_CELL_RECEPTOR_SIGNALING_PATHWAY","Y",0.0285944390492394,55,-0.0691980836670659,0.0304268391364741,-2.27424489795638,0.0229685064186225,0.089506269998844
"KEGG_FC_EPSILON_RI_SIGNALING_PATHWAY","Y",0.0277176909349619,53,-0.068805701972784,0.0310281365052799,-2.21752608188622,0.0266054683682021,0.100992186050726
"KEGG_FC_GAMMA_R_MEDIATED_PHAGOCYTOSIS","Y",0.0356322443763277,72,-0.0909440457202588,0.024956565370432,-3.64409302203129,0.00026944720464259,0.00313232375397011
"KEGG_LEUKOCYTE_TRANSENDOTHELIAL_MIGRATION","Y",0.0381606884341778,77,0.0153960471736185,0.032336000972677,0.476127124891781,0.633992316637744,0.781536744565426
"KEGG_INTESTINAL_IMMUNE_NETWORK_FOR_IGA_PRODUCTION","Y",0.0170736724035631,30,0.097559846079503,0.0630550934664427,1.54721594586841,0.121837050192267,0.276362089460508
"KEGG_CIRCADIAN_RHYTHM_MAMMAL","Y",0.00718327134806209,11,-0.0539147770311346,0.0704451415255657,-0.765344150974102,0.444081405073812,0.633829691598496
"KEGG_LONG_TERM_POTENTIATION","Y",0.0283337377027289,55,-0.101038392367319,0.0276645705920981,-3.6522667876211,0.000261020777962764,0.00313232375397011
"KEGG_NEUROTROPHIN_SIGNALING_PATHWAY","Y",0.0457017340837424,97,-0.0866127924757055,0.0218796010791327,-3.9586093074755,7.58138997450715e-05,0.00141013853525833
"KEGG_LONG_TERM_DEPRESSION","Y",0.027417767277723,52,-0.0317086455725835,0.0346618356571112,-0.914799951342975,0.36031469133525,0.558487771569637
"KEGG_OLFACTORY_TRANSDUCTION","Y",0.0240575280025845,45,0.116721529474829,0.0558888935194408,2.08845661677357,0.0367772890396932,0.120807727906908
"KEGG_TASTE_TRANSDUCTION","Y",0.0115561923514562,19,0.0687022021337654,0.0744091199426136,0.923303516917691,0.355867266187163,0.556229508494221
"KEGG_REGULATION_OF_ACTIN_CYTOSKELETON","Y",0.0649125066874901,148,-0.0703763712555986,0.0186652755465184,-3.7704437354918,0.00016372440959674,0.00253772834874946
"KEGG_INSULIN_SIGNALING_PATHWAY","Y",0.0471180829814747,100,-0.0666419103500185,0.0228443974859212,-2.91721024339072,0.00353819948423419,0.0263242041627024
"KEGG_GNRH_SIGNALING_PATHWAY","Y",0.0333382617130436,66,-0.0677334889164065,0.0278599010707211,-2.43121785481104,0.0150624278732406,0.0684018974152002
"KEGG_PROGESTERONE_MEDIATED_OOCYTE_MATURATION","Y",0.0322560938743868,63,-0.0167369975354276,0.0328149533150911,-0.510041790238673,0.610031386449973,0.766661066754696
"KEGG_MELANOGENESIS","Y",0.0347384664690283,70,-0.0964566701497337,0.0249479192286569,-3.8663212456988,0.00011106102655281,0.00187794099443842
"KEGG_ADIPOCYTOKINE_SIGNALING_PATHWAY","Y",0.0268790133107815,51,-0.0596687992146122,0.0325926380209731,-1.83074469689185,0.0671629710897099,0.198290676550572
"KEGG_TYPE_II_DIABETES_MELLITUS","Y",0.0171362907190192,30,-0.0506993020433665,0.0432516845826866,-1.17219254076548,0.241142589870071,0.448048645971129
"KEGG_TYPE_I_DIABETES_MELLITUS","Y",0.0175103095883682,31,0.12039303325478,0.0653515756510616,1.84223612139985,0.065464805838013,0.198290676550572
"KEGG_MATURITY_ONSET_DIABETES_OF_THE_YOUNG","Y",0.00942384623632884,15,-0.0456870431140129,0.0617879492125738,-0.739416726016141,0.459668176924927,0.641016897688179
"KEGG_ALDOSTERONE_REGULATED_SODIUM_REABSORPTION","Y",0.0176325417636242,31,-0.04692078938498,0.0429452070404798,-1.09257336542243,0.274602677985417,0.472926834308219
"KEGG_VASOPRESSIN_REGULATED_WATER_REABSORPTION","Y",0.0183165150903955,33,-0.110269400661042,0.0346132871161546,-3.18575350243397,0.00144740026857093,0.0117050630414867
"KEGG_PROXIMAL_TUBULE_BICARBONATE_RECLAMATION","Y",0.00992453769163763,16,0.101477978359751,0.0869677414762843,1.16684619649947,0.243295232489699,0.448048645971129
"KEGG_ALZHEIMERS_DISEASE","Y",0.0481898494919228,102,-0.0186039645713087,0.0257112921924289,-0.723571745522263,0.469342528180383,0.646649705492972
"KEGG_PARKINSONS_DISEASE","Y",0.0356432925772751,71,0.0263759745495156,0.0346394406755942,0.761443430814379,0.446406933330123,0.633829691598496
"KEGG_AMYOTROPHIC_LATERAL_SCLEROSIS_ALS","Y",0.0219722747659328,40,-0.0104840609162518,0.0418365166450251,-0.250595932859494,0.802130735050616,0.904220101329785
"KEGG_HUNTINGTONS_DISEASE","Y",0.0505379997277642,108,-0.0053772660898325,0.0258887992489823,-0.207706276297997,0.835461774320473,0.924975535854809
"KEGG_PRION_DISEASES","Y",0.0146896627751739,25,-0.02043029795262,0.0514771004382088,-0.396881288547784,0.691461926521549,0.829754311825859
"KEGG_VIBRIO_CHOLERAE_INFECTION","Y",0.0215059974739987,39,-0.00345107993710315,0.0431734100183255,-0.0799353105450391,0.936290013474387,0.9674996805902
"KEGG_EPITHELIAL_CELL_SIGNALING_IN_HELICOBACTER_PYLORI_INFECTION","Y",0.0274482020547232,52,-0.00795301515531246,0.0369662107813501,-0.215142828740371,0.829659549622827,0.92405195347213
"KEGG_PATHOGENIC_ESCHERICHIA_COLI_INFECTION","Y",0.0196105144202129,35,-0.000318187112588322,0.0459474388255783,-0.00692502391256663,0.994474787419956,0.994474787419956
"KEGG_LEISHMANIA_INFECTION","Y",0.0247397535977295,46,0.0142042734602853,0.0416595157671634,0.340961079328756,0.733138737637996,0.86559879964999
"KEGG_PATHWAYS_IN_CANCER","Y",0.0968151788089168,244,-0.0762531019951862,0.0144631422417552,-5.27223619325565,1.37066455323043e-07,1.2747180345043e-05
"KEGG_COLORECTAL_CANCER","Y",0.0265525491452936,51,-0.104599921842535,0.0283059193458576,-3.69533738030107,0.000220553019459976,0.00293020440139682
"KEGG_RENAL_CELL_CARCINOMA","Y",0.0272592725434739,53,-0.118800061915672,0.0267589046953353,-4.43964591481884,9.08963249753491e-06,0.000241524520648785
"KEGG_PANCREATIC_CANCER","Y",0.0265761213468351,51,-0.10226498350227,0.0288602460772464,-3.54345500826816,0.000396392701639432,0.00376695828927703
"KEGG_ENDOMETRIAL_CANCER","Y",0.022532578568407,42,-0.104747482160519,0.0313534659835045,-3.34085814358223,0.000837698771684415,0.00741961769206196
"KEGG_GLIOMA","Y",0.024821352540782,48,-0.13787919437986,0.0269175864672621,-5.12227181094235,3.064705739564e-07,1.50622058538012e-05
"KEGG_PROSTATE_CANCER","Y",0.0323217338842449,65,-0.120357875384852,0.0242843251160861,-4.95619601572232,7.28493369491378e-07,2.70999533450793e-05
"KEGG_THYROID_CANCER","Y",0.0134659758854915,23,-0.105995040392522,0.0420908415265942,-2.518244742756,0.0118067889371406,0.0627446497802331
"KEGG_BASAL_CELL_CARCINOMA","Y",0.0204568314158761,37,-0.0641033399536246,0.0375434449056666,-1.70744427195463,0.0877648822624805,0.24006276618855
"KEGG_MELANOMA","Y",0.0256377761295875,50,-0.141098383979862,0.0262753958598173,-5.36998128335116,8.01853770796732e-08,1.2747180345043e-05
"KEGG_BLADDER_CANCER","Y",0.0165852799029759,29,-0.0724961181664604,0.0418531402542355,-1.73215480907968,0.0832712092461918,0.234673407875631
"KEGG_CHRONIC_MYELOID_LEUKEMIA","Y",0.0292096219434227,57,-0.0999102347764084,0.0276924934182237,-3.60784539216177,0.000309981476238524,0.00339156203413914
"KEGG_ACUTE_MYELOID_LEUKEMIA","Y",0.0221343735956742,41,-0.0974393007116674,0.0322486565663623,-3.02149953165192,0.00252045977486867,0.0195335632552322
"KEGG_SMALL_CELL_LUNG_CANCER","Y",0.0338742598437787,67,-0.0483898641765765,0.0292298780384527,-1.65549319476866,0.0978501460542086,0.252779543973372
"KEGG_NON_SMALL_CELL_LUNG_CANCER","Y",0.0218785450572692,41,-0.125352637304752,0.0301216447464025,-4.16154689958366,3.18261350785619e-05,0.000657740124956947
"KEGG_ASTHMA","Y",0.0107178310543442,18,0.284427319792642,0.11593053736585,2.45342880534623,0.0141640035829572,0.0684018974152002
"KEGG_AUTOIMMUNE_THYROID_DISEASE","Y",0.0173748063072976,31,0.175677440983921,0.0727885306666913,2.41353190365076,0.015813341875557,0.0684018974152002
"KEGG_SYSTEMIC_LUPUS_ERYTHEMATOSUS","Y",0.0359360824602186,73,0.152181246760428,0.0458512276691944,3.31902229223565,0.000905971068842453,0.00765957358203165
"KEGG_ALLOGRAFT_REJECTION","Y",0.0146023144119511,25,0.0967582448664679,0.0686977153253141,1.4084637954592,0.159019194607109,0.339972071228992
"KEGG_GRAFT_VERSUS_HOST_DISEASE","Y",0.0171874568257369,30,-0.00142480536894094,0.0494731330950696,-0.0287995782721701,0.977024907027052,0.982306122740712
"KEGG_PRIMARY_IMMUNODEFICIENCY","Y",0.0129069612755416,22,0.197516961927388,0.094312022544754,2.09429250479344,0.0362544555335436,0.120807727906908
"KEGG_HYPERTROPHIC_CARDIOMYOPATHY_HCM","Y",0.0302354916465603,59,-0.0825908077324996,0.0284403505261206,-2.90400104797039,0.00369086024723057,0.026336752914192
"KEGG_ARRHYTHMOGENIC_RIGHT_VENTRICULAR_CARDIOMYOPATHY_ARVC","Y",0.0278455642456376,53,-0.0384839957204656,0.0337022577244732,-1.14188182984904,0.253525492651538,0.451099370663413
"KEGG_DILATED_CARDIOMYOPATHY","Y",0.0315816556938566,62,-0.0752243838319318,0.0281621015578802,-2.67112110498312,0.00756984118270036,0.0448974899630213
"KEGG_VIRAL_MYOCARDITIS","Y",0.0247320646068743,46,-0.0214120908897008,0.037900946986251,-0.564948704249218,0.572119014438268,0.728863949900807
